2003, 'SOUTHERN OREGON COASTAL'
2003, 'ID', 'Location', 'OCT', 'NOV', 'DEC', 'JAN', 'FEB', 'MAR', 'APR', 'MAY', 'JUN', 'JUL', 'AUG', 'SEP', 'WY Tota', 'Pct Avg to Date'
2003, '4BK', 'BROOKINGS', '   0.06', '   8.27', '  25.21', '  17.49', '   8.31', 'M', '  15.63', '   0.91', '   0.27', '   0.00', '   0.00', '   0.80', 'M'
2003, 'ASHO3', 'ASHLAND', '   0.21', '   2.09', '   6.76', '   2.45', '   1.58', '   2.60', '   1.75', '   1.22', '   0.00', '   0.00', '   0.50', '   1.04', ' 20.20', ' 102'
2003, 'COPO3', 'COPPER 4NE', '   0.09', '   5.64', '  14.74', '   2.07', '   2.07', '   3.49', '   3.49', 'M', 'M', 'M', 'M', 'M', 'M'
2003, 'CVJO3', 'CAVE JUNCTION', '   0.00', '  10.27', '  24.61', '   9.24', '   5.05', '   9.88', '   7.96', '   1.26', '   0.00', '   0.00', '   0.18', '   0.97', ' 69.42', ' 111'
2003, 'GOLO3', 'GOLD BEACH', '   0.20', '   6.43', '  23.76', '  11.78', '   6.88', '   9.28', '  16.33', '   1.56', '   0.09', '   0.00', '   0.05', '   0.58', ' 76.94', '  97'
2003, 'GPSO3', 'GRANTS PASS KAJO', '   0.05', '   5.19', '  12.47', '   3.94', '   1.33', '   3.85', '   4.67', '   1.18', '   0.00', '   0.00', '   0.35', '   0.93', ' 33.96', ' 109'
2003, 'GSPO3', 'GREEN SPRINGS PP', '   0.32', '   2.41', '   9.72', '   1.97', '   2.01', '   2.93', '   2.80', '   1.41', '   0.00', '   0.05', '   0.29', '   0.46', ' 24.37', ' 106'
2003, 'LEMO3', 'LEMOLO LAKE', '   0.89', '   6.30', '  12.25', '  11.13', '   4.67', '  13.94', '   6.99', '   0.66', '   0.02', '   0.00', '   0.79', '   1.96', ' 59.60', '  91'
2003, 'MFR', 'MEDFORD', '   0.16', '   3.42', '   7.19', '   2.48', '   1.74', '   2.52', '   3.53', '   0.86', '   0.00', '   0.00', '   0.76', '   0.86', ' 23.52', ' 128'
2003, 'OTH', 'NORTH BEND', '   0.77', '   6.73', '  21.38', '  10.08', '   4.22', '   9.73', '   9.58', '   1.83', '   0.13', '   0.00', '   0.13', '   1.26', ' 65.84', ' 102'
2003, 'PRSO3', 'PROSPECT 2SW', '   0.38', '   4.87', '  11.36', '   5.09', '   3.27', '   6.36', '   5.74', '   2.19', '   0.00', '   0.00', '   1.23', '   1.21', ' 41.70', '  99'
2003, 'RIDO3', 'RIDDLE', '   0.22', '   4.28', '  12.93', '   5.05', '   1.09', '   3.29', '   4.00', '   1.01', '   0.00', '   0.00', '   0.34', '   1.05', ' 33.26', ' 105'
2003, 'ROGO3', 'ROSEBURG', '   2.15', '   5.46', '  11.06', '   5.31', '   2.58', '   3.36', '   7.15', '   0.61', '   0.00', '   0.00', '   0.10', '   1.10', ' 38.88', ' 116'
2003, 'SXT', 'SEXTON SUMMIT', '   0.25', '   1.61', '  15.29', '   5.72', '   2.60', '   5.15', '   2.63', '   1.59', '   0.00', '   0.00', '   0.64', '   0.23', ' 35.71', ' 108'
2003, 'TKFO3', 'TOKETEE FALLS', '   0.47', '   4.36', '  11.07', '   7.04', '   3.40', '   7.79', '   5.48', '   2.01', '   0.02', '   0.00', '   1.58', '   2.29', ' 45.51', '  93'
2003, 'WINO3', 'WINCHESTER DAM', '   0.89', '   4.63', '  11.05', '   5.28', '   2.69', '   3.33', '   6.49', '   0.87', '   0.01', '   0.00', '   0.20', '   0.94', ' 36.38', ' 102'
2003, 'WLMO3', 'WILLIAMS', '   0.11', '   6.74', '  13.46', '   3.59', '   1.83', '   4.45', '   4.40', '   0.71', '   0.00', '   0.00', '   0.16', '   0.42', ' 35.87', ' 110'
2003, 'OREGON CLOSED BASINS'
2003, 'ID', 'Location', 'OCT', 'NOV', 'DEC', 'JAN', 'FEB', 'MAR', 'APR', 'MAY', 'JUN', 'JUL', 'AUG', 'SEP', 'WY Tota', 'Pct Avg to Date'
2003, 'DNON2', 'DENIO', '   0.14', '   0.48', '   0.10', '   0.53', '   0.30', '   0.62', '   0.70', '   1.50', '   0.00', '   0.00', '   0.77', '   0.39', '  5.53', '  56'
2003, 'HMRO3', 'HART MOUNTAIN REF', '   0.71', '   0.30', '   0.57', '   0.76', '   0.98', '   1.61', '   2.86', '   2.66', '   0.39', '   0.08', '   0.53', '   1.16', ' 12.61', '  99'
2003, 'PASO3', 'PAISLEY', '   0.17', '   0.49', '   1.26', '   1.16', '   1.16', '   1.49', '   1.46', '   1.21', '   0.00', '   0.18', '   0.22', '   1.13', '  9.93', '  92'
2003, 'SMMO3', 'SUMMER LAKE', '   0.30', '   0.48', '   0.48', '   1.56', '   0.76', '   1.44', '   1.42', '   1.12', '   0.00', '   0.42', '   0.27', '   0.97', '  9.22', '  72'
2003, 'SVLO3', 'SILVER LAKE', '   0.31', '   0.56', '   2.83', '   1.30', '   0.45', '   1.15', '   0.94', '   0.97', '   0.10', '   0.65', '   0.56', '   1.76', ' 11.58', ' 118'
2003, 'NORTHERN CALIFORNIA COASTAL'
2003, 'ID', 'Location', 'OCT', 'NOV', 'DEC', 'JAN', 'FEB', 'MAR', 'APR', 'MAY', 'JUN', 'JUL', 'AUG', 'SEP', 'WY Tota', 'Pct Avg to Date'
2003, 'CEC', 'CRESCENT CITY ASOS', '   0.03', '   4.16', 'M', '  11.00', '   3.58', '   8.85', '  13.05', '   1.28', '   0.08', '   0.03', '   0.23', '   0.04', 'M'
2003, 'CECC1', 'CRESCENT CITY 3NNW', '   0.00', '   5.45', '  24.92', '  12.98', '   5.31', '  11.51', '  15.00', '   1.66', '   0.12', '   0.00', '   0.24', '   0.43', ' 77.62', ' 116'
2003, 'CVLC1', 'COVELO', '   0.00', '   5.97', '  21.68', '   6.01', '   2.27', '   4.70', '  10.63', '   0.67', '   0.00', '   0.00', '   0.93', '   0.15', ' 53.01', ' 126'
2003, 'EKA', 'EUREKA', '   0.06', '   2.66', '  23.31', '   5.51', '   3.84', '   4.91', '  11.25', '   1.74', '   0.04', '   0.02', '   0.49', '   0.35', ' 54.18', ' 142'
2003, 'FORC1', 'FORT ROSS', '   0.12', '   2.31', '  10.85', '   7.23', '   1.33', '   3.61', '   6.39', '   0.80', '   0.00', '   0.13', '   0.00', '   0.02', ' 32.79', '  88'
2003, 'FRBC1', 'FT BRAGG 5N', '   0.09', '   5.22', '  21.60', '   5.45', '   4.41', '   5.86', '  11.64', '   0.88', '   0.04', '   0.02', '   0.03', '   0.54', ' 55.78', ' 136'
2003, 'GASC1', 'GASQUET RS', '   0.00', '   8.82', '  30.49', '  13.63', '   7.38', '  13.97', '  16.08', '   2.43', '   0.08', '   0.00', '   0.05', '   0.82', ' 93.75', ' 102'
2003, 'GCSC1', 'GRIZZLY CREEK SP', '   0.00', '   5.85', '  28.66', '   5.92', '   4.67', '   8.25', '  13.56', '   2.14', '   0.07', '   0.02', '   0.21', '   0.78', ' 70.13', ' 130'
2003, 'O87', 'SHELTER COVE', '   0.13', '   6.52', '  26.54', '  12.38', '   4.52', '   9.74', '  13.42', '   0.83', '   0.00', '   0.00', '   0.53', '   0.28', ' 74.89', ' 122'
2003, 'OPCC1', 'PRAIRIE CREEK SP', '   0.11', '   5.13', '  24.43', '  11.07', '   6.38', '   9.41', '  12.46', '   1.63', 'M', '   0.02', '   0.65', '   0.94', 'M'
2003, 'RIHC1', 'RICHARDSON GROVE SP', '   0.00', '   3.73', '  39.50', '  11.09', '   6.44', '   7.95', '  15.75', '   1.11', '   0.00', '   0.00', '   0.00', '   0.14', ' 85.71', ' 125'
2003, 'SCOC1', 'SCOTIA', '   0.02', '   5.02', '  27.44', '   5.13', '   4.23', '   7.38', '  13.95', '   1.27', '   0.10', '   0.01', '   0.13', '   0.30', ' 64.98', ' 134'
2003, 'STNC1', 'STANDISH HICKEY SP', 'M', '   5.88', '  38.88', '   6.51', '   6.99', '   4.85', '  16.99', 'M', '   0.00', 'M', 'M', '   0.00', 'M'
2003, 'WTSC1', 'WILLITS 1NE', '   0.00', '   6.02', '  26.11', '   6.19', '   3.03', '   6.69', 'M', '   1.27', '   0.00', 'M', '   0.00', '   0.44', 'M'
2003, 'UPPER KLAMATH'
2003, 'ID', 'Location', 'OCT', 'NOV', 'DEC', 'JAN', 'FEB', 'MAR', 'APR', 'MAY', 'JUN', 'JUL', 'AUG', 'SEP', 'WY Tota', 'Pct Avg to Date'
2003, 'BLIO3', 'BLY 4SE', '   0.14', '   1.28', '   2.42', '   1.86', '   0.91', '   2.58', '   2.61', '   0.88', '   0.09', '   4.34', '   0.75', '   1.07', ' 18.93', 'NA'
2003, 'CHEO3', 'CHEMULT', '   0.29', '   2.79', '   8.68', '   3.69', '   1.12', '   4.11', '   2.10', '   1.05', '   0.00', '   0.01', '   2.24', '   1.32', ' 27.40', ' 107'
2003, 'CHQO3', 'CHILOQUIN 7NW', '   0.04', '   2.63', '   6.03', '   3.71', '   0.76', '   2.80', '   1.83', '   0.95', '   0.00', '   0.21', '   0.26', '   1.22', ' 20.44', ' 103'
2003, 'CRLO3', 'CRATER LAKE NP', '   0.55', '   4.63', '  15.21', '   6.56', '   3.91', '   9.15', '   7.59', '   1.92', '   0.00', '   0.01', '   1.02', '   2.48', ' 53.03', '  79'
2003, 'GBZO3', 'GERBER', '   0.04', '   1.24', '   3.00', '   1.91', '   0.90', '   2.90', '   4.00', '   0.90', '   0.03', '   0.65', '   0.71', '   1.20', ' 17.48', '  96'
2003, 'HOWO3', 'HOWARD PRAIRIE', '   0.21', '   2.36', '  11.14', '   4.07', '   2.33', '   4.64', '   4.61', '   1.05', '   0.00', '   0.78', '   0.95', '   0.93', ' 33.07', ' 101'
2003, 'KENO3', 'KENO', '   0.38', '   1.57', '   5.54', '   2.16', '   0.59', '   2.27', '   1.95', '   1.08', '   0.00', '   0.29', '   0.66', '   0.63', ' 17.12', '  85'
2003, 'LMT', 'KLAMATH FALLS', '   0.05', '   1.24', '   2.62', '   2.13', '   1.58', '   1.87', '   1.57', '   1.30', '   0.03', '   0.00', '   0.43', '   0.56', ' 13.38', '  96'
2003, 'LOWER KLAMATH'
2003, 'ID', 'Location', 'OCT', 'NOV', 'DEC', 'JAN', 'FEB', 'MAR', 'APR', 'MAY', 'JUN', 'JUL', 'AUG', 'SEP', 'WY Tota', 'Pct Avg to Date'
2003, 'BBAC1', 'BIG BAR 4E', '   0.00', '   5.52', '  18.96', '   4.25', '   2.07', '   5.22', '   6.53', '   1.57', '   0.01', '   0.00', '   3.02', '   0.81', ' 47.96', ' 126'
2003, 'CHNC1', 'CALLAHAN', '   0.03', '   3.39', '  12.65', '   2.45', '   0.76', '   3.51', '   4.23', '   0.63', '   0.05', '   1.63', '   2.93', '   0.31', ' 32.57', ' 154'
2003, 'COPC1', 'COPCO #1 DAM', '   0.02', '   1.81', '   7.09', '   2.88', '   1.29', '   2.85', '   3.83', '   0.64', '   0.00', '   0.38', '   0.26', '   0.36', ' 21.41', ' 104'
2003, 'FOJC1', 'FORT JONES', '   0.00', '   3.63', '  12.89', '   3.65', '   0.82', '   3.23', '   2.26', '   0.21', '   0.02', '   1.49', '   0.66', '   0.06', ' 28.92', ' 133'
2003, 'HFKC1', 'HAYFORK 2W', '   0.00', '   6.10', '  20.06', '   6.10', '   2.61', '   4.63', '   6.34', '   0.96', '   0.00', '   0.00', '   0.37', '   0.31', ' 47.48', ' 133'
2003, 'HPAC1', 'HOOPA', '   0.00', '   6.43', '  27.90', '   7.20', '   3.40', '   7.00', '   9.90', '   1.10', '   0.00', '   0.00', '   0.20', '   0.40', ' 63.53', 'NA'
2003, 'HPYC1', 'HAPPY CAMP', '   0.00', '   6.93', '  18.49', '  11.34', '   2.69', '   8.05', '   6.51', '   0.53', '   0.00', '   0.00', '   0.28', '   0.25', ' 55.07', ' 107'
2003, 'HYAC1', 'HYAMPOM', '   0.00', '   6.63', '  25.08', '   5.87', '   2.70', '   6.49', '   7.42', '   0.64', '   0.00', '   0.00', 'M', 'M', 'M'
2003, 'KLAC1', 'KLAMATH', '   0.03', '   4.64', '  27.98', '  15.60', '   8.06', '  12.97', '  16.70', '   1.89', '   0.48', '   0.00', '   0.15', '   0.72', ' 89.22', ' 113'
2003, 'MTHC1', 'MT. HEBRON RS', '   0.02', '   1.77', '   2.79', '   1.96', '   0.43', '   1.57', '   1.68', '   1.11', '   0.00', '   0.20', '   0.09', '   0.23', ' 11.85', '  93'
2003, 'ORLC1', 'ORLEANS', '   0.00', '   6.86', '  24.19', '   7.94', '   4.16', '   7.43', '   9.63', '   1.04', '   0.01', '   0.00', '   0.27', '   0.60', ' 62.13', ' 118'
2003, 'STGC1', 'LAVA BEDS NM', '   0.00', '   1.80', '   3.38', '   1.26', '   0.63', '   2.49', '   1.63', '   0.91', '   0.47', '   0.92', '   0.77', '   0.60', ' 14.86', '  99'
2003, 'TRHC1', 'TRINITY RIVER HATCHERY', '   0.00', '   3.75', '  15.79', '   4.62', '   1.56', '   3.25', '   7.00', '   0.58', '   0.00', '   0.01', '   1.46', '   0.22', ' 38.24', ' 116'
2003, 'TULC1', 'TULE LAKE', '   0.02', '   0.93', '   2.03', '   1.87', '   0.63', '   1.24', '   1.94', '   1.50', '   0.00', '   0.14', '   0.39', '   0.33', ' 11.02', '  97'
2003, 'WEAC1', 'WEAVERVILLE', '   0.00', '   5.31', '  17.97', '   6.00', '   2.25', '   4.91', '   7.06', '   0.58', '   0.00', '   0.00', '   0.62', '   0.22', ' 44.92', ' 117'
2003, 'WLLC1', 'WILLOW CREEK 1NW', '   0.00', '   5.93', '  22.44', '   7.15', '   2.84', '   7.20', '  11.57', '   1.27', 'M', '   0.00', '   0.75', '   0.47', 'M'
2003, 'YKAC1', 'YREKA', '   0.02', '   2.52', '  10.12', '   2.36', '   0.81', '   2.53', '   1.37', '   0.29', '   0.10', '   0.37', '   0.65', '   0.11', ' 21.25', ' 108'
2003, 'RUSSIAN...NAPA...SAN FRANCISCO BAY'
2003, 'ID', 'Location', 'OCT', 'NOV', 'DEC', 'JAN', 'FEB', 'MAR', 'APR', 'MAY', 'JUN', 'JUL', 'AUG', 'SEP', 'WY Tota', 'Pct Avg to Date'
2003, 'ANGC1', 'ANGWIN PACIFIC UNION COLL', '   0.03', '   5.30', '  22.15', '   4.02', '   2.56', '   3.52', '   6.19', '   1.16', '   0.00', '   0.00', '   0.31', '   0.03', ' 45.27', ' 111'
2003, 'CLTC1', 'CALISTOGA', '   0.00', '   4.70', '  18.93', '   5.92', '   1.24', '   4.28', '   8.44', '   1.41', '   0.00', '   0.00', '   0.00', '   0.00', ' 44.92', ' 117'
2003, 'FFDC1', 'FAIRFIELD', '   0.00', '   3.79', '  13.86', '   2.42', '   1.53', '   2.00', '   2.92', '   1.02', '   0.00', '   0.00', '   0.33', '   0.00', ' 27.87', ' 119'
2003, 'GRNC1', 'GRATON', '   0.08', '   3.51', '  19.67', '   6.76', '   2.55', '   2.53', '   5.59', '   1.15', '   0.00', '   0.00', '   0.00', '   0.15', ' 41.99', ' 103'
2003, 'HLDC1', 'HEALDSBURG FIRE DEPT', '   0.00', '   5.16', '  30.39', '   6.50', '   2.77', '   4.84', '   6.55', '   1.19', '   0.00', '   0.04', '   0.00', '   0.10', ' 57.54', ' 137'
2003, 'KENC1', 'KENTFIELD', '   0.00', '   3.95', '  24.10', '   5.79', '   3.72', '   1.82', '   5.10', '   2.34', '   0.00', '   0.00', '   0.03', '   0.01', ' 46.86', '  98'
2003, 'MHMC1', 'MOUNT HAMILTON', '   0.00', '   4.50', '   9.94', '   1.03', '   2.08', '   2.25', '   5.13', '   1.95', '   0.00', '   0.00', '   1.02', '   0.39', ' 28.29', ' 119'
2003, 'NSHC1', 'NAPA STATE HOSPITAL', '   0.00', '   3.38', '  13.21', '   2.67', '   2.59', '   4.98', '   3.97', '   1.85', '   0.00', '   0.00', '   0.62', '   0.03', ' 33.30', ' 126'
2003, 'PORC1', 'POTTER VALLEY PH', '   0.00', '   4.98', '  22.96', '   6.55', '   3.19', '   5.62', '  11.57', '   0.93', '   0.00', '   0.01', '   0.04', '   0.10', ' 55.95', ' 123'
2003, 'SFO', 'SAN FRANCISCO AIRPORT', '   0.00', '   2.91', '  12.00', '   1.43', '   2.45', '   1.17', '   4.42', '   0.62', '   0.00', '   0.00', '   0.00', '   0.00', ' 25.00', ' 124'
2003, 'SFOC1', 'DOWNTOWN SAN FRANCISCO', '   0.01', '   2.00', '  12.03', '   1.75', '   1.80', '   1.71', '   3.60', '   0.93', '   0.00', '   0.00', '   0.06', '   0.00', ' 23.89', ' 107'
2003, 'STSC1', 'SANTA ROSA', '   0.00', '   3.48', '  16.18', '   3.63', '   2.18', '   2.24', '   4.78', '   1.48', '   0.05', '   0.03', '   0.01', '   0.07', ' 34.13', ' 110'
2003, 'UKHC1', 'UKIAH FIRE DEPT', '   0.00', '   5.98', '  22.25', '   3.77', '   3.28', '   3.99', '   9.80', '   0.63', '   0.00', '   0.00', '   0.00', '   0.23', ' 49.93', ' 128'
2003, 'UKI', 'UKIAH ASOS', '   0.00', '   4.39', '  20.03', '   3.49', '   1.94', '   3.82', '   7.60', '   0.63', '   0.00', '   0.01', '   0.00', '   0.18', ' 42.09', 'NA'
2003, 'SACRAMENTO...YUBA...FEATHER...AMERICAN'
2003, 'ID', 'Location', 'OCT', 'NOV', 'DEC', 'JAN', 'FEB', 'MAR', 'APR', 'MAY', 'JUN', 'JUL', 'AUG', 'SEP', 'WY Tota', 'Pct Avg to Date'
2003, '4LW', 'LAKEVIEW', '   0.04', '   1.04', '   2.41', '   1.25', '   0.72', '   1.25', '   2.19', '   1.27', '   0.00', '   0.77', '   0.06', '   0.93', ' 11.93', '  77'
2003, 'ADNC1', 'ADIN', '   0.05', '   1.69', '   2.37', '   1.04', '   0.78', '   2.28', '   3.19', '   1.69', '   0.02', '   0.00', '   0.69', '   0.15', ' 13.95', '  88'
2003, 'ALTC1', 'ALTURAS', '   0.06', '   1.25', '   0.86', '   0.75', '   0.96', '   1.76', '   1.84', '   2.04', '   0.07', '   0.26', '   0.76', '   0.24', ' 10.85', '  90'
2003, 'AUBC1', 'AUBURN', '   0.00', '   2.79', '  11.75', '   2.23', '   2.51', '   3.89', '   7.09', '   1.46', '   0.00', '   0.00', '   0.47', '   0.00', ' 32.19', '  88'
2003, 'BLU', 'BLUE CANYON', '   0.00', '   9.42', '  15.46', '   4.71', '   3.55', '   6.79', '  10.57', '   3.54', '   0.00', '   0.03', '   2.39', '   0.02', ' 56.48', '  81'
2003, 'BNYC1', 'BURNEY', '   0.09', '   3.48', '  13.96', '   4.04', '   2.48', '   5.00', '   6.46', '   1.80', '   0.01', '   0.01', '   1.38', '   0.04', ' 38.75', ' 144'
2003, 'BODC1', 'BOWMAN DAM', '   0.00', '  12.27', '  22.91', '   6.39', '   4.26', '   9.15', '  14.82', '   4.94', '   0.00', '   0.00', '   1.02', '   0.08', ' 75.84', ' 111'
2003, 'BRRC1', 'BRUSH CREEK RS', '   0.00', '   7.01', '  37.55', '   8.90', '   4.71', '   8.01', '  13.64', '   4.00', '   0.00', '   0.00', '   0.99', '   0.00', ' 84.81', ' 119'
2003, 'BUCC1', 'BUCKS CREEK', '   0.00', '  11.02', '  29.01', '   8.33', '   4.23', '   7.56', '  15.05', '   2.89', '   0.50', '   0.00', '   0.97', '   0.00', ' 79.56', ' 115'
2003, 'BUKC1', 'BUCKHORN', '   0.08', '   5.66', '  28.81', '   9.14', '   5.57', '  10.01', '  12.19', '   2.55', '   0.00', '   0.01', '   1.20', '   0.15', ' 75.37', ' 113'
2003, 'CANC1', 'CANYON DAM', '   0.14', '   5.70', '  15.80', '   4.24', '   1.96', '   4.67', '   6.55', '   1.37', '   0.00', '   0.00', '   1.51', '   0.02', ' 41.96', ' 111'
2003, 'CBYC1', 'CANBY 3SW', '   0.00', '   2.47', '   2.88', '   1.58', '   1.23', '   2.96', '   2.82', '   0.82', '   0.24', '   0.25', '   1.29', '   0.72', ' 17.26', ' 105'
2003, 'CHAC1', 'CHALLENGE RS', 'M', 'M', '  26.82', '   7.49', '   3.64', '   6.69', '  12.31', '   3.42', 'M', 'M', 'M', 'M', 'M'
2003, 'CHEC1', 'CHESTER', '   0.00', '   4.53', '   9.81', '   4.79', 'M', '   4.37', '   3.15', '   1.95', '   0.12', '   0.02', '   1.19', '   0.13', 'M'
2003, 'CHUC1', 'CHICO UNIVERSITY FARM', '   0.00', '   2.22', '  11.74', '   4.50', '   2.90', '   3.10', '   4.30', '   1.03', '   0.00', '   0.00', '   0.48', '   0.00', ' 30.27', ' 115'
2003, 'CLGC1', 'COLGATE PH', '   0.00', '   3.92', '  15.98', '   3.85', '   2.80', '   4.68', '   7.20', '   2.81', '   0.00', '   0.00', '   2.06', '   0.00', ' 43.30', ' 105'
2003, 'COFC1', 'COLFAX', '   0.00', '   4.89', '  16.59', '   3.84', '   1.98', '   6.02', '   8.34', '   1.90', '   0.00', '   0.03', '   1.21', '   0.00', ' 44.80', '  93'
2003, 'DAVC1', 'DAVIS EXPERIMENTAL FARM', '   0.00', '   2.82', '   8.50', '   1.94', '   1.37', '   2.95', '   2.66', '   0.84', '   0.00', '   0.06', '   0.84', '   0.00', ' 21.98', ' 115'
2003, 'DESC1', 'DE SABLA', '   0.00', '   5.21', '  36.49', '   9.43', '   5.52', '   8.02', '  14.75', '   3.55', '   0.00', '   0.00', '   0.37', '   0.01', ' 83.35', ' 126'
2003, 'DUNC1', 'DUNSMUIR', '   0.00', '   6.36', '  34.04', '   8.94', '   2.81', '   7.95', '  12.81', '   0.85', '   0.02', '   0.48', '   1.08', '   0.14', ' 75.48', ' 122'
2003, 'DWNC1', 'DOWNIEVILLE', '   0.00', '   9.36', '  24.87', '   6.98', '   3.51', '   7.06', '  12.76', '   3.49', '   0.00', '   0.00', '   1.52', '   0.00', ' 69.55', ' 111'
2003, 'FOLC1', 'FOLSOM DAM', '   0.00', '   2.06', '   7.41', '   1.25', '   1.60', '   2.07', '   5.39', '   0.89', '   0.00', '   0.00', '   0.32', '   0.00', ' 20.99', '  84'
2003, 'FSTC1', 'FORESTHILL RS', '   0.00', '   5.81', '  13.82', '   2.94', '   3.24', '   7.80', '  10.65', '   2.49', '   0.00', '   0.00', '   1.81', '   0.10', ' 48.66', '  93'
2003, 'GEOC1', 'GEORGETOWN RS', '   0.00', '   5.64', '  19.45', '   2.51', '   3.56', '   3.19', '  10.60', '   2.63', '   0.00', '   0.00', '   1.49', '   0.00', ' 49.07', '  91'
2003, 'GLRC1', 'GOLD RUN 2SW', '   0.00', '   7.61', '  17.50', '   3.94', '   4.02', '   6.73', '  10.88', '   3.29', '   0.00', '   0.02', '   1.22', '   0.18', ' 55.39', ' 101'
2003, 'GRAC1', 'GRASS VALLEY NO. 2', '   0.00', '   6.08', '  19.86', '   4.09', '   3.22', '   6.34', '  10.21', '   2.56', '   0.00', '   0.00', '   1.97', '   0.03', ' 54.36', ' 102'
2003, 'GREC1', 'GREENVILLE RS', '   0.03', '   6.08', '  15.58', '   4.07', '   2.17', '   5.36', '   8.03', '   1.67', '   0.27', '   0.05', '   1.40', '   0.01', ' 44.72', ' 113'
2003, 'HATC1', 'HAT CREEK', '   0.06', '   1.58', '   4.80', '   2.56', '   1.28', '   2.68', '   3.61', '   1.45', '   0.03', '   0.01', '   1.06', '   0.04', ' 19.16', '  95'
2003, 'HLEC1', 'HARRY L ENGLEBRIGHT DAM', '   0.00', '   3.40', '  13.67', '   3.21', '   2.16', '   3.65', '   6.63', '   2.18', '   0.00', '   0.00', '   1.77', '   0.00', ' 36.67', ' 105'
2003, 'HRRC1', 'HARRISON GULCH RS', '   0.00', '   4.77', '  15.40', '   7.36', '   2.73', '   3.36', '   6.65', '   1.40', '   0.00', '   0.00', '   0.42', '   0.05', ' 42.14', ' 113'
2003, 'LSPC1', 'LAKE SPAULDING', '   0.00', '  10.42', '  36.06', '   3.75', '   4.62', '   7.58', '  11.49', '   4.16', 'M', 'M', 'M', 'M', 'M'
2003, 'MCLC1', 'MCCLOUD', '   0.00', '   4.32', '  23.56', '   4.94', '   2.48', '   6.18', '   8.72', '   0.79', '   0.32', '   0.30', '   0.90', '   0.35', ' 52.86', ' 108'
2003, 'MHS', 'MT. SHASTA', '   0.03', '   4.55', '  25.93', '   4.66', '   2.74', '   6.67', '   9.07', '   0.37', '   0.27', '   0.57', '   0.69', '   0.21', ' 55.76', ' 140'
2003, 'MINC1', 'MINERAL', '   0.00', '   8.48', '  28.81', '   5.69', '   2.50', '   8.01', '  11.04', '   2.60', '   0.00', '   0.00', '   1.18', '   0.28', ' 68.59', ' 122'
2003, 'MNZC1', 'MANZANITA LAKE', '   0.00', '   5.60', '   9.81', '   4.64', 'M', '   7.57', '   9.71', '   3.04', '   0.00', '   0.00', '   1.51', '   0.29', 'M'
2003, 'NCOC1', 'NICOLAUS', '   0.00', '   1.92', '   6.19', '   2.29', '   1.31', '   2.51', '   2.93', '   1.04', '   0.00', '   0.00', '   0.40', '   0.00', ' 18.59', '  94'
2003, 'NVDC1', 'NEVADA CITY', '   0.00', '   6.83', '  24.23', '   4.63', '   3.72', '   5.99', '  11.67', '   2.85', '   0.00', '   0.00', '   1.78', '   0.19', ' 61.89', ' 104'
2003, 'ONDC1', 'ORLAND', '   0.00', '   2.00', '  10.18', '   3.66', '   2.07', '   2.88', '   2.97', '   1.30', '   0.00', '   0.02', '   1.03', '   0.04', ' 26.15', ' 120'
2003, 'OROC1', 'OROVILLE', '   0.00', '   3.54', '  12.60', '   4.61', '   2.45', '   1.46', '   6.71', '   1.03', '   0.00', '   0.00', '   1.10', '   0.00', ' 33.50', ' 117'
2003, 'PCHC1', 'PACIFIC HOUSE', '   0.00', '   7.11', '  15.45', '   1.74', '   3.92', '   4.41', '  14.64', '   3.41', '   0.00', '   0.00', '   0.86', '   1.26', ' 52.80', ' 102'
2003, 'PLCC1', 'PLACERVILLE', '   0.00', '   3.79', '  10.98', '   1.30', '   2.67', '   3.68', '   8.78', '   1.98', '   0.00', '   0.00', '   0.98', '   0.02', ' 34.18', '  88'
2003, 'PLUC1', 'PLUMAS EUREKA SP', '   0.00', '  11.60', '  25.09', '   5.22', '   3.26', '   6.91', '  10.98', '   2.96', '   0.00', '   0.30', '   2.44', '   0.00', ' 68.76', ' 106'
2003, 'PRAC1', 'PORTOLA', '   0.00', '   3.36', '   8.01', '   1.77', '   0.81', '   1.74', '   3.77', '   0.65', '   0.05', '   0.08', '   0.84', '   0.00', ' 21.08', '  91'
2003, 'PRDC1', 'PARADISE', '   0.00', '   4.33', '  30.60', '   9.07', '   4.45', '   4.46', '  11.40', '   3.43', '   0.05', '   0.05', '   0.42', '   0.00', ' 68.26', ' 122'
2003, 'PRPC1', 'PIT RIVER PH5', '   0.05', '   7.22', '  39.86', '   8.64', '   3.61', '  10.36', '  12.77', '   2.63', '   0.03', '   0.05', '   1.02', '   0.04', ' 86.28', ' 114'
2003, 'PTRC1', 'PIT RIVER PH1', '   0.04', '   1.22', '   4.74', '   2.63', '   1.73', '   2.83', '   3.60', '   1.85', '   0.38', '   0.00', '   1.38', '   0.13', ' 20.53', ' 109'
2003, 'QCYC1', 'QUINCY', '   0.05', '   7.32', '  22.00', '   4.75', '   2.49', '   6.46', '   8.25', '   1.44', '   0.50', '   0.10', '   1.06', '   0.04', ' 54.46', ' 143'
2003, 'RBL', 'RED BLUFF AP', '   0.00', '   2.66', '   9.42', '   4.81', '   1.46', '   2.72', '   4.02', '   1.72', '   0.00', '   0.07', '   0.26', '   0.01', ' 27.15', ' 113'
2003, 'ROMC1', 'ROUND MOUNTAIN', '   0.01', '   3.90', '  23.81', '   9.25', '   4.98', '   7.89', '  11.06', '   2.23', '   0.00', '   0.03', '   0.96', '   0.12', ' 64.24', '  99'
2003, 'SAC', 'SACRAMENTO AP', '   0.00', '   2.34', '   6.27', '   1.30', '   1.29', '   1.87', '   2.53', '   1.17', '   0.00', '   0.00', '   0.57', '   0.00', ' 17.34', '  96'
2003, 'SERC1', 'SIERRAVILLE', '   0.00', '   6.10', '   7.17', '   1.13', '   1.12', '   2.43', '   3.99', '   0.55', '   1.85', '   0.51', '   1.28', '   0.01', ' 26.14', '  99'
2003, 'SHDC1', 'SHASTA DAM', '   0.00', '   5.22', '  37.83', '   6.79', '   2.99', '   7.37', '  11.98', '   1.23', '   0.00', '   0.10', '   1.47', '   0.15', ' 75.13', ' 119'
2003, 'SLPC1', 'SLY PARK', '   0.00', '   4.08', '  12.60', '   1.88', '   4.19', '   4.19', '  12.04', '   2.82', '   0.20', '   0.00', '   0.79', '   0.00', ' 42.79', 'NA'
2003, 'SMTC1', 'SACRAMENTO 5 ESE', '   0.00', '   2.00', '   5.85', '   1.13', '   1.08', '   1.95', '   2.75', '   1.23', '   0.00', '   0.00', '   0.34', '   0.00', ' 16.33', '  82'
2003, 'SODC1', 'SODA SPRINGS', '   0.04', '   9.22', '  20.05', '   3.97', '   3.95', '   5.56', '  13.90', '   3.26', '   0.16', '   0.12', '   2.28', '   0.00', ' 62.51', 'NA'
2003, 'STOC1', 'STONY GORGE', '   0.00', '   1.78', '  10.93', '   3.16', '   1.58', '   1.60', '   2.41', '   2.29', '   0.00', '   0.10', '   0.68', '   0.10', ' 24.63', ' 116'
2003, 'STYC1', 'STRAWBERRY VALLEY', '   0.02', '  10.50', '  37.98', '   9.95', '   4.74', '   9.14', '  14.81', '   4.28', '   0.01', '   0.00', '   2.39', '   0.00', ' 93.82', ' 116'
2003, 'TWLC1', 'CAPLES LAKE', '   0.07', '   4.06', '  11.66', '   1.48', '   2.78', '   1.60', '   9.45', '   2.47', 'M', 'M', 'M', 'M', 'M'
2003, 'VOLC1', 'VOLTA PH', '   0.00', '   2.88', '  11.31', '   7.48', '   3.26', '   5.15', '   6.61', '   2.06', '   0.08', '   0.01', '   0.53', '   0.05', ' 39.42', ' 112'
2003, 'VTNC1', 'VINTON', '   0.13', '   2.57', '   3.65', '   1.15', '   0.63', '   1.12', '   1.80', '   0.32', '   0.32', '   0.17', '   1.32', '   0.37', ' 13.55', '  96'
2003, 'WDDC1', 'WOODLAND', '   0.00', '   2.37', '   8.93', '   2.32', '   1.90', '   2.27', '   3.52', '   0.75', '   0.00', '   0.00', '   1.02', '   0.00', ' 23.08', ' 111'
2003, 'WSKC1', 'WHISKEYTOWN RES', '   0.00', '   6.74', '  34.29', '   8.67', '   2.61', '   6.90', '  12.70', '   1.66', '   0.00', '   0.03', '   1.00', '   0.06', ' 74.66', ' 118'
2003, 'SAN JOAQUIN'
2003, 'ID', 'Location', 'OCT', 'NOV', 'DEC', 'JAN', 'FEB', 'MAR', 'APR', 'MAY', 'JUN', 'JUL', 'AUG', 'SEP', 'WY Tota', 'Pct Avg to Date'
2003, 'ABYC1', 'AUBERRY', '   0.00', '   4.32', '   6.07', '   0.50', '   2.70', '   1.49', '   3.64', '   1.84', '   0.00', '   0.02', '   0.38', '   0.00', ' 20.96', '  80'
2003, 'ARNC1', 'CALAVERAS BIG TREES', '   0.00', '   6.96', '  14.72', '   1.71', '   4.34', '   4.45', '  13.45', '   2.95', '   0.00', '   0.00', '   1.32', '   0.00', ' 49.90', '  90'
2003, 'BCRC1', 'BIG CREEK PH #1', '   0.23', '   7.05', '   8.34', '   0.46', '   4.06', '   3.28', '   7.65', '   2.85', '   0.00', '   0.80', '   0.77', '   0.10', ' 35.59', 'NA'
2003, 'CHVC1', 'CHERRY VALLEY', '   0.00', '   9.70', '  13.87', '   1.34', '   2.48', '   3.98', '  10.29', '   3.11', '   0.00', '   0.16', '   1.34', '   0.00', ' 46.27', '  97'
2003, 'CMPC1', 'CAMP PARDEE', '   0.00', '   1.68', '   5.44', '   0.71', '   1.40', '   1.53', '   5.00', '   0.59', '   0.00', '   0.00', '   0.20', '   0.02', ' 16.57', '  72'
2003, 'COAC1', 'COARSEGOLD 1 SW', '   0.00', '   4.70', '   6.98', 'M', '   3.41', '   1.02', '   3.14', '   2.19', '   0.00', '   0.00', 'M', '   0.00', 'M'
2003, 'EXQC1', 'EXCHEQUER DAM', '   0.00', '   2.86', '   4.95', '   0.86', '   1.58', '   1.66', '   4.40', '   1.82', '   0.00', '   0.03', '   0.46', '   0.11', ' 18.73', '  94'
2003, 'FDDC1', 'FIDDLETOWN DEXTER RANCH', '   0.00', '   4.03', '  10.76', '   1.07', '   2.67', '   3.78', '   9.47', '   1.51', '   0.00', '   0.00', '   1.00', '   0.00', ' 34.29', '  93'
2003, 'FLOC1', 'FLORENCE LAKE', '   0.02', '   6.82', '  10.95', '   0.29', '   4.90', '   3.20', '   3.70', '   3.46', '   0.00', '   2.17', '   0.62', '   0.62', ' 36.75', ' 148'
2003, 'FRAC1', 'FRIANT GOVERNMENT CAMP', '   0.00', '   1.94', '   0.99', '   0.66', '   1.90', '   0.88', '   2.44', '   1.10', '   0.00', '   0.00', '   0.01', '   0.00', '  9.92', '  67'
2003, 'GRVC1', 'GROVELAND RS', '   0.00', '   5.84', '  10.33', '   1.13', '   2.30', '   2.85', '   6.33', '   1.95', '   0.00', '   0.23', '   2.22', '   0.00', ' 33.18', '  88'
2003, 'HETC1', 'HETCH HETCHY', '   0.00', '   6.17', '   9.14', '   0.94', '   1.64', '   2.87', '  10.27', '   3.13', '   0.00', '   0.47', '   0.96', '   0.32', ' 35.91', '  98'
2003, 'HNTC1', 'HUNTINGTON LAKE', '   0.31', '   9.67', '  10.95', '   0.52', '   4.78', '   2.50', '   8.00', '   3.46', '   0.00', '   0.88', '   0.77', '   0.10', ' 41.94', '  93'
2003, 'LOSC1', 'LOS BANOS', '   0.00', '   1.17', '   3.47', '   0.58', '   1.16', '   0.70', '   0.81', '   0.47', '   0.00', '   0.00', '   0.08', '   0.00', '  8.44', '  85'
2003, 'MATC1', 'MATHER', '   0.67', '   5.70', '   9.79', '   0.77', '   2.48', '   2.96', '  10.28', '   2.83', '   0.00', '   0.61', '   0.63', '   0.00', ' 36.72', ' 105'
2003, 'MCEC1', 'MERCED', '   0.00', '   1.87', '   3.69', '   0.80', '   1.03', '   0.89', '   1.18', '   0.94', '   0.00', '   0.00', '   0.11', '   0.00', ' 10.51', '  84'
2003, 'MDRC1', 'MADERA', '   0.00', '   2.90', '   2.85', '   0.51', '   1.51', '   0.46', '   1.44', '   1.08', '   0.00', '   0.00', '   0.06', '   0.00', ' 10.81', '  91'
2003, 'MOD', 'MODESTO AP', '   0.00', '   2.09', '   3.99', '   0.57', '   0.77', '   1.40', '   1.42', '   0.28', '   0.00', '   0.00', '   0.10', '   0.00', ' 10.62', '  82'
2003, 'MRIC1', 'MARIPOSA RS', '   0.00', 'M', 'M', '   1.35', '   2.50', '   2.10', '   5.90', '   1.56', '   0.00', '   0.05', '   0.62', '   0.00', 'M'
2003, 'NMDC1', 'NEW MELONES DAM HQ', '   0.00', '   4.08', '   8.44', '   1.16', '   1.91', '   1.85', '   5.87', '   0.89', '   0.00', '   0.00', '   0.74', '   0.00', ' 24.94', 'NA'
2003, 'NOFC1', 'NORTH FORK RS', '   0.04', '   7.65', '   9.67', '   0.71', '   2.99', '   3.08', '   5.91', '   2.55', '   0.00', '   0.05', '   0.36', '   0.00', ' 33.01', '  97'
2003, 'PANC1', 'PANOCHE 2W', '   0.00', '   1.76', '   4.80', '   0.34', '   1.44', '   0.98', '   1.17', '   0.83', '   0.00', '   0.00', '   0.00', '   0.00', ' 11.32', ' 107'
2003, 'SCKC1', 'STOCKTON FIRE STA 4', '   0.00', '   2.58', '   7.52', '   0.32', '   1.26', '   1.52', '   2.20', '   0.39', '   0.00', '   0.00', '   0.30', '   0.00', ' 16.09', '  97'
2003, 'SLDC1', 'LOS BANOS', '   0.00', '   2.04', '   2.96', '   0.67', '   1.41', '   0.97', '   0.58', '   0.70', '   0.00', '   0.00', '   0.35', '   0.00', '  9.68', '  92'
2003, 'SONC1', 'SONORA', '   0.00', '   6.40', '   9.86', '   1.23', '   2.21', '   2.37', '   6.57', '   1.41', '   0.00', '   0.11', '   1.65', '   0.00', ' 31.81', '  97'
2003, 'SPGC1', 'SALT SPRINGS PH', '   0.09', '   7.43', '  13.37', '   1.35', '   3.43', '   3.56', '  12.34', '   3.32', '   0.01', '   0.58', '   0.99', '   0.48', ' 46.95', ' 102'
2003, 'TIGC1', 'TIGER CREEK PH', '   0.00', '   5.56', '  13.52', '   1.57', '   3.39', '   3.39', '  10.25', '   2.18', '   0.00', '   0.36', '   0.23', '   0.00', ' 40.45', '  87'
2003, 'TRAC1', 'TRACY CARBONA', '   0.00', '   1.24', '   3.72', '   0.50', '   0.69', '   0.84', '   1.33', '   0.31', '   0.00', '   0.00', '   0.57', '   0.00', '  9.20', '  87'
2003, 'WSTC1', 'WEST POINT', '   0.00', '   4.40', '  13.05', '   1.55', '   2.94', '   4.30', '   9.46', '   1.33', '   0.00', '   0.00', '   0.78', '   0.00', ' 37.81', ' 104'
2003, 'YNPC1', 'SOUTH ENTRANCE YOSEMITE', '   0.03', '  11.52', '   7.54', '   1.04', '   3.63', '   4.62', '   9.91', '   2.86', '   0.00', '   0.21', '   1.32', '   0.02', ' 42.70', ' 101'
2003, 'YPQC1', 'YOSEMITE PARK HEADQUARTER', '   0.23', '   7.63', '  11.85', '   0.91', '   2.66', '   2.83', '   7.29', '   2.72', '   0.00', '   1.34', '   0.90', '   0.12', ' 38.48', ' 102'
2003, 'KERN...TULE...KAWEAH...KINGS'
2003, 'ID', 'Location', 'OCT', 'NOV', 'DEC', 'JAN', 'FEB', 'MAR', 'APR', 'MAY', 'JUN', 'JUL', 'AUG', 'SEP', 'WY Tota', 'Pct Avg to Date'
2003, 'ASHC1', 'ASH MOUNTAIN', '   0.52', '   5.92', '   5.59', '   0.30', '   3.46', '   3.12', '   6.12', '   2.35', '   0.00', '   0.24', '   0.21', '   0.16', ' 27.99', ' 106'
2003, 'ATWC1', 'ATWELL CAMP', '   0.10', '  14.00', '   5.60', '   0.50', '   5.10', '   5.60', '   5.90', '   4.40', '   0.00', '   1.02', '   0.60', '   0.50', ' 43.32', 'NA'
2003, 'BFL', 'BAKERSFIELD', '   0.00', '   1.30', '   1.40', '   0.03', '   1.50', '   0.37', '   1.19', '   0.16', '   0.00', '   0.00', '   0.04', '   0.05', '  6.04', '  93'
2003, 'BTPC1', 'BEAR TRAP MEADOW', '   0.08', '  13.20', '   8.70', '   1.20', '   5.10', '   6.30', '   6.40', '   3.50', '   0.00', '   0.40', '   0.70', '   0.20', ' 45.78', 'NA'
2003, 'DNPC1', 'BALCH PH', '   0.12', '   6.71', '   6.73', '   0.42', '   4.77', '   3.49', '   5.37', '   2.68', '   0.00', '   0.04', '   0.04', '   0.11', ' 30.48', '  98'
2003, 'EGCC1', 'EAGLE CREEK', '   0.00', '  14.90', '   6.20', '   0.90', '   5.10', '   5.00', '   6.30', '   4.10', '   0.00', '   0.00', '   0.00', '   0.00', ' 42.50', 'NA'
2003, 'GNFC1', 'GIANT FOREST', '   0.10', '  13.90', '   9.10', '   0.90', '   5.50', '   5.10', '   7.40', '   5.00', '   0.00', '   0.80', '   0.90', '   0.00', ' 48.70', 'NA'
2003, 'GNNC1', 'GLENNVILLE', '   0.00', '   5.56', '   2.90', '   0.42', '   2.53', '   1.99', '   3.37', '   1.49', '   0.00', '   0.79', '   0.72', '   0.52', ' 20.29', ' 102'
2003, 'GRGC1', 'GRANT GROVE', '   0.33', '   9.80', '   7.86', '   0.39', '   5.68', '   6.70', '   8.37', '   3.13', '   0.00', '   0.57', '   0.98', '   0.21', ' 44.02', ' 105'
2003, 'HCKC1', 'HOCKETT MEADOW', '   0.00', '  16.10', '   7.70', '   0.30', '   4.70', '   4.50', '   5.80', '   4.10', '   0.20', '   1.30', '   1.40', '   0.60', ' 46.70', 'NA'
2003, 'HSSC1', 'HOSSACK', '   0.00', '  18.70', '   9.50', '   0.90', '   5.30', '   6.40', '   7.80', '   4.50', '   0.00', '   0.00', '   0.00', '   0.00', ' 53.10', 'NA'
2003, 'ISAC1', 'LAKE ISABELLA DAM', '   0.00', '   5.76', '   2.65', '   0.01', '   1.70', '   1.24', '   0.75', '   0.56', '   0.00', '   0.29', '   0.78', '   0.56', ' 14.30', 'NA'
2003, 'KVLC1', 'KERN RIVER PH #3', '   0.00', '   6.55', '   2.99', '   0.12', '   2.09', '   1.29', '   0.91', '   0.89', '   0.00', '   0.20', '   0.00', '   0.62', ' 15.66', ' 116'
2003, 'LDGC1', 'LODGEPOLE', '   0.33', '  11.63', '   8.86', '   0.48', '   5.50', '   5.24', '   6.14', '   3.92', '   0.00', '   2.88', '   0.42', '   0.78', ' 46.18', ' 103'
2003, 'MNHC1', 'MOUNTAIN HOME', '   0.00', '  13.00', '   5.70', '   0.70', '   5.20', '   4.20', '   7.60', '   4.00', '   0.00', '   0.00', '   0.00', '   0.00', ' 40.40', 'NA'
2003, 'PFTC1', 'PINE FLAT DAM', '   0.00', '   2.99', '   4.80', '   0.36', '   2.56', '   1.95', '   3.16', '   1.62', '   0.00', '   0.00', '   0.00', '   0.00', ' 17.44', '  87'
2003, 'RGCC1', 'ROGERS CAMP', '   0.10', '  16.20', '   7.50', '   0.10', '   3.40', '   4.71', '   5.10', '   3.40', '   0.00', '   0.00', '   0.00', '   0.00', ' 40.51', 'NA'
2003, 'SCSC1', 'LAKE SUCCESS DAM', '   0.00', '   2.61', '   2.91', '   0.11', '   1.83', '   1.15', '   2.33', '   1.56', '   0.00', '   0.03', '   0.00', '   0.03', ' 12.56', ' 114'
2003, 'TMDC1', 'TERMINUS DAM', '   0.00', '   3.95', '   2.74', '   0.27', '   1.88', '   0.81', '   2.55', '   1.21', '   0.00', '   0.11', '   0.00', '   0.00', ' 13.52', 'NA'
2003, 'TREC1', 'THREE RIVER EDISON PH #1', '   0.02', '   5.17', '   4.43', '   0.16', '   2.83', '   1.69', '   4.86', '   1.98', '   0.00', '   0.12', '   0.11', '   0.10', ' 21.47', '  88'
2003, 'TULARE-BUENA VISTA LAKES'
2003, 'ID', 'Location', 'OCT', 'NOV', 'DEC', 'JAN', 'FEB', 'MAR', 'APR', 'MAY', 'JUN', 'JUL', 'AUG', 'SEP', 'WY Tota', 'Pct Avg to Date'
2003, 'CNGC1', 'COALINGA', '   0.04', '   0.91', '   2.36', '   0.25', '   1.91', '   1.16', '   1.16', '   0.95', '   0.00', '   0.00', '   0.06', '   0.00', '  8.80', ' 106'
2003, 'FAT', 'FRESNO AIR TERMINAL', '   0.00', '   1.76', '   2.24', '   0.50', '   1.20', '   0.64', '   2.86', '   0.79', '   0.00', '   0.00', '   0.04', '   0.00', ' 10.03', '  89'
2003, 'HJO', 'HANFORD', '   0.00', '   1.49', '   1.06', '   0.56', '   1.13', '   1.05', '   1.67', '   0.58', '   0.00', '   0.00', '   0.00', '   0.00', '  7.54', '  88'
2003, 'LEMC1', 'LEMON COVE', '   0.00', '   2.99', '   2.54', '   0.31', '   2.16', '   0.67', '   2.33', '   1.28', '   0.00', '   0.08', '   0.00', '   0.00', ' 12.36', '  85'
2003, 'LINC1', 'LINDSAY', '   0.00', '   2.98', '   2.53', '   0.28', '   2.41', '   0.72', '   1.71', '   1.15', '   0.00', '   0.01', '   0.05', '   0.20', ' 12.04', '  96'
2003, 'PRTC1', 'PORTERVILLE', '   0.00', '   2.25', '   2.20', '   0.28', '   2.00', '   0.55', '   1.66', '   1.96', '   0.00', '   0.00', '   0.02', '   0.03', ' 10.95', '  95'
2003, 'VISC1', 'VISALIA', '   0.00', '   1.76', '   1.63', '   0.45', '   1.36', '   0.70', '   1.90', '   0.91', '   0.00', '   0.02', '   0.00', '   0.00', '  8.73', '  79'
2003, 'WASC1', 'WASCO', '   0.00', '   1.05', '   0.90', '   0.14', '   1.53', '   0.52', '   1.09', '   0.41', '   0.00', '   0.00', '   0.00', '   0.00', '  5.64', '  77'
2003, 'CENTRAL CALIFORNIA COASTAL'
2003, 'ID', 'Location', 'OCT', 'NOV', 'DEC', 'JAN', 'FEB', 'MAR', 'APR', 'MAY', 'JUN', 'JUL', 'AUG', 'SEP', 'WY Tota', 'Pct Avg to Date'
2003, 'BISC1', 'BIG SUR STATE PARK', '   0.05', '   6.73', '  13.96', '   3.63', '   3.65', '   0.40', '   4.70', '   1.28', '   0.00', '   0.07', '   0.00', '   0.00', ' 34.47', '  80'
2003, 'CCHC1', 'CACHUMA DAM', '   0.00', '   2.50', '   6.73', '   0.06', '   3.56', '   2.40', '   2.15', '   2.33', '   0.02', '   0.01', '   0.00', '   0.00', ' 19.76', '  90'
2003, 'HOLC1', 'HOLLISTER', '   0.00', '   1.80', '   5.65', '   0.76', '   1.56', '   1.02', '   2.76', '   0.17', '   0.00', '   0.00', '   0.03', '   0.00', ' 13.75', ' 101'
2003, 'JNLC1', 'JUNCAL DAM', '   0.00', '   5.17', '   4.94', '   0.06', '   4.75', '   5.05', '   4.68', '   2.92', '   0.00', '   0.05', '   0.00', '   0.00', ' 27.62', '  89'
2003, 'KICC1', 'KING CITY', '   0.00', '   1.72', '   5.04', '   0.39', '   1.63', '   0.32', '   0.86', '   1.19', '   0.00', '   0.10', '   0.12', '   0.00', ' 11.37', '  92'
2003, 'LSLC1', 'LOS ALAMOS', '   0.00', '   3.67', '   5.31', '   0.05', '   2.58', '   0.20', '   2.19', '   0.49', '   0.00', '   0.00', '   0.00', '   0.00', ' 14.49', '  86'
2003, 'PRBC1', 'PASO ROBLES', '   0.00', '   2.54', '   4.52', '   0.13', '   2.10', '   1.85', '   1.70', '   1.18', '   0.00', '   0.16', '   0.03', '   0.00', ' 14.21', '  97'
2003, 'PRSC1', 'PRIEST VALLEY', '   0.00', '   4.37', '   6.09', '   0.76', '   2.02', '   1.73', '   2.33', '   2.40', '   0.00', '   0.00', '   0.10', '   0.00', ' 19.80', '  94'
2003, 'SAEC1', 'SAN CLEMENTE DAM', '   0.00', '   5.26', '   9.73', '   1.58', '   1.46', '   1.55', '   3.50', '   1.20', '   0.00', '   0.00', '   0.01', '   0.00', ' 24.29', ' 111'
2003, 'SBAC1', 'SANTA BARBARA', '   0.03', '   6.82', '   6.15', '   0.00', '   3.17', '   4.80', '   1.16', '   1.92', '   0.13', '   0.02', '   0.00', '   0.00', ' 24.20', ' 130'
2003, 'SBPC1', 'SAN LUIS OBISPO', '   0.00', '   4.42', '   8.07', '   0.38', '   3.16', '   3.51', '   1.93', '   1.39', '   0.00', '   0.03', '   0.03', '   0.00', ' 22.92', '  94'
2003, 'SCRC1', 'SANTA CRUZ', '   0.04', '   4.27', '  15.21', '   1.85', '   1.86', '   1.45', '   3.53', '   0.78', '   0.07', '   0.00', '   0.01', '   0.00', ' 29.07', '  95'
2003, 'SMX', 'SANTA MARIA', '   0.06', '   2.13', '   4.26', '   0.22', '   1.84', '   1.50', '   1.15', '   1.08', '   0.00', '   0.01', '   0.00', '   0.00', ' 12.25', '  87'
2003, 'SNSC1', 'SALINAS NO. 2', '   0.00', '   1.77', '   5.49', '   1.25', '   1.13', '   0.82', '   1.18', '   0.19', '   0.00', '   0.00', '   0.13', '   0.01', ' 11.97', '  79'
2003, 'WVIC1', 'WATSONVILLE WATERWORKS', '   0.00', '   3.40', '   8.88', '   1.27', '   1.71', '   1.22', '   2.52', '   1.16', '   0.02', '   0.02', '   0.02', '   0.02', ' 20.24', '  87'
2003, 'SOUTHERN CALIFORNIA COASTAL'
2003, 'ID', 'Location', 'OCT', 'NOV', 'DEC', 'JAN', 'FEB', 'MAR', 'APR', 'MAY', 'JUN', 'JUL', 'AUG', 'SEP', 'WY Tota', 'Pct Avg to Date'
2003, 'BBLC1', 'BIG BEAR LAKE F.S.', '   0.13', '   2.94', '   4.70', '   0.18', '   5.50', '   3.82', '   1.77', '   0.92', '   0.02', '   0.27', '   4.60', '   0.48', ' 25.33', ' 120'
2003, 'CQT', 'DOWNTOWN LA', '   0.05', '   2.36', '   3.32', '   0.00', '   4.64', '   4.31', '   0.71', '   1.02', '   0.01', '   0.00', '   0.00', '   0.00', ' 16.42', ' 108'
2003, 'CUYC1', 'CUYAMACA', '   0.07', '   5.19', '   4.72', '   0.70', '   9.86', '   4.95', '   3.05', '   2.36', '   0.00', '   0.51', '   2.42', '   0.16', ' 33.99', '  95'
2003, 'ELPC1', 'EL CAPITAN DAM', '   0.05', '   2.50', '   3.19', '   0.15', '   4.84', '   2.79', '   1.82', '   1.37', '   0.13', '   0.00', '   0.05', '   0.04', ' 16.93', ' 100'
2003, 'EORC1', 'ELSINORE', '   0.00', '   2.10', '   1.75', '   0.16', '   6.54', '   3.15', '   1.59', '   0.62', '   0.00', '   0.02', '   0.00', '   0.00', ' 15.93', ' 132'
2003, 'HENC1', 'HENSHAW DAM', '   0.01', '   3.02', '   4.91', '   0.30', '   7.59', '   4.60', '   3.24', '   1.58', '   0.00', '   0.32', '   0.13', '   1.80', ' 27.50', '  99'
2003, 'LAGC1', 'LAGUNA BEACH', '   0.00', '   1.54', '   2.84', '   0.00', '   6.00', '   4.04', '   1.97', '   1.11', '   0.18', '   0.16', '   0.00', '   0.00', ' 17.84', ' 132'
2003, 'LAX', "LA INT'L AIRPORT", '   0.05', '   1.60', '   1.78', '   0.00', '   3.78', '   1.66', '   0.49', '   0.96', '   0.00', '   0.02', '   0.00', '   0.00', ' 10.34', '  78'
2003, 'LGB', 'LONG BEACH', '   0.00', '   0.54', '   1.13', '   0.00', '   3.51', '   1.67', '   1.45', '   1.82', '   0.06', '   0.34', '   0.00', '   0.00', ' 10.52', '  81'
2003, 'LOX', 'OXNARD', '   0.00', '   4.02', '   2.86', '   0.00', '   5.68', '   3.28', '   1.15', '   1.55', '   0.02', '   0.01', '   0.00', '   0.03', ' 18.60', 'NA'
2003, 'MWS', 'MOUNT WILSON', '   0.10', '   7.60', '   4.30', '   0.05', '  13.92', '   5.58', '   3.79', '   3.10', '   0.05', '   0.01', '   0.00', '   0.00', ' 38.50', '  95'
2003, 'OCNC1', 'OCEANSIDE MARINA', '   0.09', '   1.17', '   2.01', '   0.21', '   5.14', '   1.34', '   2.44', '   0.13', '   0.20', '   0.09', '   0.07', '   0.00', ' 12.89', ' 116'
2003, 'SAN', 'LINDBERGH FIELD', '   0.04', '   0.32', '   1.98', '   0.02', '   4.88', '   1.36', '   1.41', '   0.30', '   0.00', '   0.00', '   0.00', '   0.00', ' 10.31', '  96'
2003, 'SBOC1', 'SAN BERNARDINO FS', '   0.00', '   2.17', '   2.50', '   0.00', '   3.42', '   2.02', '   3.08', '   0.57', '   0.02', '   0.27', '   0.00', '   0.00', ' 14.05', '  86'
2003, 'SGSC1', 'SAUGUS PH #1', '   0.02', '   2.68', '   4.05', '   0.01', '   3.79', '   2.83', 'M', '   1.54', '   0.04', '   0.05', '   0.08', '   0.00', 'M'
2003, 'SPLC1', 'SANTA PAULA', '   0.00', '   5.03', '   4.07', 'M', '   5.43', '   3.97', '   1.09', '   1.73', '   0.00', '   0.00', '   0.00', '   0.00', 'M'
2003, 'STAC1', 'SANTA ANA FS', '   0.10', '   1.80', '   2.49', '   0.11', '   3.99', '   3.21', '   1.82', '   0.82', '   0.00', '   0.26', '   0.00', '   0.00', ' 14.60', ' 106'
2003, 'NORTH AND CENTRAL LAHONTAN'
2003, 'ID', 'Location', 'OCT', 'NOV', 'DEC', 'JAN', 'FEB', 'MAR', 'APR', 'MAY', 'JUN', 'JUL', 'AUG', 'SEP', 'WY Tota', 'Pct Avg to Date'
2003, 'CEDC1', 'CEDARVILLE', '   0.43', '   1.74', '   0.58', '   0.56', '   0.63', '   2.05', '   1.75', '   2.32', '   0.07', '   0.34', '   0.46', '   0.61', ' 11.54', '  88'
2003, 'DOLC1', 'DOYLE 4SSE', '   0.03', '   5.73', '   5.47', '   0.79', '   0.43', '   2.10', '   1.32', '   0.38', '   0.02', '   0.00', '   1.27', '   0.27', ' 17.81', ' 103'
2003, 'DOYC1', 'DOYLE', '   0.20', '   2.14', '   3.89', '   0.82', '   0.48', '   0.90', '   0.67', '   0.14', '   0.00', '   0.00', '   1.85', '   0.13', ' 11.22', '  95'
2003, 'FOBC1', 'FORT BIDWELL', '   0.14', '   1.72', '   2.04', '   1.55', '   1.03', '   3.23', '   2.47', '   2.08', '   0.20', '   0.00', '   0.63', '   0.45', ' 15.54', '  85'
2003, 'FRNN2', 'FERNLEY', '   0.02', '   0.69', '   0.52', '   0.19', 'M', '   0.00', '   0.30', '   0.02', '   0.00', '   0.71', '   0.57', '   0.00', 'M'
2003, 'JESC1', 'JESS VALLEY', '   0.25', '   1.45', '   1.18', '   1.01', '   1.07', '   2.87', '   4.08', '   2.86', '   0.61', '   0.16', '   1.92', '   0.65', ' 18.11', '  95'
2003, 'Q63', 'SUTCLIFFE-PYRAMID LK', '   0.12', '   1.41', '   1.62', '   0.53', '   0.26', '   0.43', '   0.53', '   0.44', '   0.00', '   0.23', '   1.06', '   0.00', '  6.63', '  86'
2003, 'SNVC1', 'SUSANVILLE', '   0.00', '   2.81', '   7.91', '   2.31', '   0.77', '   2.55', '   3.60', '   0.00', '   0.09', '   0.49', '   0.60', '   0.00', ' 21.13', ' 157'
2003, 'STDN2', 'STEAD', '   0.05', '   2.68', '   0.16', '   0.35', '   1.00', '   0.80', '   1.22', '   0.06', '   0.19', '   0.10', '   0.39', '   0.28', '  7.28', '  70'
2003, 'SVEC1', 'SUSANVILLE 1 WNW', '   0.00', '   2.81', '   7.91', '   2.31', '   0.55', '   2.55', '   3.60', '   0.00', '   0.09', '   0.49', '   0.60', '   0.00', ' 20.91', 'NA'
2003, 'WAWN2', 'WADSWORTH 4N', '   0.00', '   0.62', '   0.25', '   0.25', '   0.48', '   0.13', '   0.45', '   0.00', '   0.00', '   0.21', '   1.06', 'M', 'M'
2003, 'WTNN2', 'WELLINGTON', '   0.08', '   1.10', '   1.62', '   0.00', '   0.11', '   0.26', '   0.04', '   0.01', 'M', '   0.54', '   0.39', '   0.38', 'M'
2003, 'LAKE TAHOE...TRUCKEE...CARSON...WALKER'
2003, 'ID', 'Location', 'OCT', 'NOV', 'DEC', 'JAN', 'FEB', 'MAR', 'APR', 'MAY', 'JUN', 'JUL', 'AUG', 'SEP', 'WY Tota', 'Pct Avg to Date'
2003, 'BDEC1', 'BODIE', '   0.21', '   2.24', '   2.47', '   0.15', '   1.42', '   1.21', '   0.54', '   0.19', '   0.04', '   1.49', '   0.62', '   0.42', ' 11.00', '  85'
2003, 'BOCC1', 'BOCA RESERVOIR', '   0.03', '   3.69', '   6.66', '   1.11', '   1.00', '   1.29', '   2.91', '   0.76', '   0.24', '   1.22', '   1.54', '   0.29', ' 20.74', '  93'
2003, 'BPTC1', 'BRIDGEPORT', '   0.08', '   2.76', '   2.25', '   0.04', '   0.62', '   0.55', '   0.64', '   0.06', '   0.00', '   2.15', '   0.75', '   0.60', ' 10.50', ' 112'
2003, 'CRCN2', 'CARSON CITY', '   0.00', '   2.22', '   2.87', '   0.13', '   0.34', '   0.48', '   1.31', '   0.07', '   0.35', '   0.15', '   0.48', '   0.05', '  8.45', '  81'
2003, 'DAGN2', 'DAGGET PASS', '   0.05', '   2.94', '   5.02', '   0.60', '   0.61', '   0.61', '   3.49', '   0.46', '   0.22', '   0.23', '   2.20', '   0.36', ' 16.79', ' 154'
2003, 'DONC1', 'DONNER MEM SP', '   0.00', '   7.30', '  12.38', '   2.19', '   1.87', '   3.70', '   7.94', '   1.62', '   0.25', '   0.51', '   1.26', '   0.10', ' 39.12', ' 100'
2003, 'FEXN2', 'FALLON EXPER STATION', '   0.13', '   0.06', '   0.23', '   0.40', '   0.34', '   0.08', '   0.89', '   0.10', '   0.04', '   0.00', '   0.88', '   0.00', '  3.15', '  59'
2003, 'GLBN2', 'GLENBROOK', '   0.00', '   2.76', '   5.63', '   0.59', '   1.14', '   0.78', '   3.77', '   0.52', '   0.17', '   1.00', '   1.49', '   0.19', ' 18.04', ' 103'
2003, 'HTHN2', 'HAWTHORNE', '   0.00', '   0.03', '   0.23', '   0.06', '   0.17', '   0.30', '   0.42', '   0.12', '   0.11', '   0.55', '   0.12', '   0.05', '  2.16', '  40'
2003, 'LANN2', 'LAHONTAN DAM', '   0.06', '   0.21', '   0.53', '   0.30', '   0.13', '   0.22', '   0.45', '   0.05', '   0.03', '   0.88', '   0.73', '   0.00', '  3.59', '  68'
2003, 'MINN2', 'MINDEN', '   0.02', '   2.40', '   1.40', '   0.06', '   0.39', '   0.53', '   1.04', '   0.07', '   0.31', '   0.16', '   1.10', '   0.57', '  8.05', '  96'
2003, 'MKLC1', 'MARKLEEVILLE', '   0.20', '   4.73', '   3.46', '   1.12', '   1.15', '   1.28', '   3.43', '   0.52', '   0.17', '   1.05', '   1.14', '   0.13', ' 18.38', '  98'
2003, 'RNO', 'RENO', '   0.12', '   1.08', '   2.20', '   0.17', '   0.23', '   0.31', '   0.83', '   0.04', '   0.38', '   0.23', '   1.01', '   0.01', '  6.61', '  88'
2003, 'SGHC1', 'SAGEHEN CREEK', 'M', 'M', 'M', 'M', '   1.69', '   2.56', '   6.41', '   0.80', '   0.18', '   0.71', '   1.33', '   0.58', 'M'
2003, 'SMIN2', 'SMITH 6N', '   0.11', '   1.09', '   2.12', '   0.21', '   0.07', '   0.24', '   0.13', '   0.00', '   0.18', '   0.33', '   1.04', '   0.18', '  5.70', '  90'
2003, 'SRKN2', 'SPARKS', '   0.06', '   1.09', '   1.67', '   0.26', '   0.37', '   0.14', '   0.77', '   0.01', '   0.00', '   0.80', '   1.72', '   0.36', '  7.25', '  98'
2003, 'TAHC1', 'TAHOE CITY', '   0.02', '   6.74', '   9.75', '   1.97', '   1.79', '   2.22', '   6.27', '   0.95', '   0.56', '   0.11', '   1.59', '   0.09', ' 32.06', '  98'
2003, 'TKEC1', 'TRUCKEE RS', '   0.06', '   5.71', '   8.35', '   1.14', '   0.98', '   1.98', '   3.80', '   0.69', '   0.04', '   1.10', '   2.11', '   0.10', ' 26.06', '  84'
2003, 'TPLN2', 'TOPAZ LAKE 4N', '   0.00', '   1.94', '   2.19', '   0.00', '   0.00', '   0.00', '   0.38', '   0.00', '   0.19', '   0.23', '   0.76', '   0.19', '  5.88', '  63'
2003, 'VRCN2', 'VIRGINIA CITY', '   0.07', '   2.00', '   3.46', '   0.33', '   0.80', '   0.31', '   1.01', '   0.00', '   0.15', '   0.10', '   0.82', '   0.00', '  9.05', '  63'
2003, 'WABN2', 'WABUSKA 6SE', '   0.03', '   0.44', '   0.82', '   0.27', '   0.07', '   0.16', '   0.36', '   0.16', '   0.08', '   0.25', '   0.52', '   0.02', '  3.18', '  67'
2003, 'YRGN2', 'YERINGTON', '   0.00', '   0.03', '   1.05', '   0.15', '   0.09', '   0.01', '   0.20', '   0.00', '   0.00', '   2.00', '   0.17', '   0.00', '  3.70', '  69'
2003, 'MOJAVE...MONO LAKE...SALTON SEA'
2003, 'ID', 'Location', 'OCT', 'NOV', 'DEC', 'JAN', 'FEB', 'MAR', 'APR', 'MAY', 'JUN', 'JUL', 'AUG', 'SEP', 'WY Tota', 'Pct Avg to Date'
2003, 'BARC1', 'BARSTOW', '   0.07', '   0.36', '   0.51', '   0.00', '   1.58', '   1.12', '   0.98', '   0.01', '   0.00', '   0.49', '   0.07', '   0.00', '  5.19', ' 120'
2003, 'BEAN2', 'BEATTY 8N', '   0.07', '   0.11', '   0.10', '   0.02', '   1.64', '   1.23', '   0.90', '   0.01', '   0.00', '   0.35', 'M', '   0.02', 'M'
2003, 'BIH', 'BISHOP AP', '   0.01', '   2.19', '   1.59', '   0.07', '   0.91', '   0.82', '   0.29', '   0.01', '   0.00', '   0.18', '   0.17', '   0.03', '  6.27', ' 125'
2003, 'DEVC1', 'DEATH VALLEY', '   0.05', '   0.02', '   0.15', '   0.00', '   1.16', '   0.05', '   0.63', '   0.01', '   0.00', '   0.05', '   0.15', '   0.00', '  2.27', '  97'
2003, 'ELLC1', 'ELLERY LAKE', '   0.28', '   3.77', '   4.91', '   0.10', '   1.70', '   1.10', '   2.42', '   1.14', '   0.20', '   1.90', '   0.78', '   0.43', ' 18.73', '  76'
2003, 'FMTC1', 'FAIRMONT', '   0.00', '   1.34', '   3.35', '   0.01', '   6.00', '   1.57', '   2.05', '   1.01', '   0.00', '   0.15', '   0.02', '   0.00', ' 15.50', '  95'
2003, 'GEMC1', 'GEM LAKE', 'M', '   2.92', '   4.39', '   0.74', '   2.21', '   1.82', 'M', '   1.26', '   0.10', '   1.94', '   0.88', '   0.40', 'M'
2003, 'HEEC1', 'HAIWEE', '   0.00', '   3.36', '   1.93', '   0.02', '   1.69', '   0.25', '   0.17', '   0.27', '   0.00', '   0.22', '   1.64', '   0.21', '  9.76', ' 132'
2003, 'INDC1', 'INDEPENDENCE', '   0.00', '   5.03', '   1.16', '   0.02', '   1.81', '   0.32', '   0.05', '   0.47', '   0.01', '   0.36', '   0.21', '   0.17', '  9.61', ' 182'
2003, 'INYC1', 'INYOKERN-KERN CO. FD', '   0.03', '   1.10', '   1.19', '   0.00', '   1.79', '   0.20', '   0.07', '   0.04', '   0.00', '   0.03', '   0.08', '   0.34', '  4.87', ' 103'
2003, 'IPL', 'IMPERIAL', '   0.00', '   0.27', '   0.01', '   0.01', '   0.99', '   0.48', '   0.00', '   0.00', '   0.00', '   0.00', '   1.00', '   0.00', '  2.76', '  91'
2003, 'LASC1', 'LAKE SABRINA', '   0.17', 'M', '   2.58', '   0.18', '   1.75', '   1.15', '   1.72', '   0.90', '   0.03', '   1.65', '   0.51', '   0.17', 'M'
2003, 'LEVC1', 'LEE VINING', '   0.10', '   3.96', '   4.93', '   0.15', '   1.57', '   1.07', '   1.18', '   0.63', '   0.25', '   0.41', '   1.07', '   0.53', ' 15.85', ' 122'
2003, 'LKAC1', 'LAKE ARROWHEAD F.S.', '   0.00', '   4.08', '   2.78', '   0.00', '  10.10', '   6.25', '   3.70', '   1.69', '   0.00', '   0.71', '   0.00', '   0.05', ' 29.36', '  70'
2003, 'MOJC1', 'MOJAVE', '   0.00', '   0.82', '   1.80', '   0.08', '   2.66', '   0.27', '   0.65', '   0.13', '   0.00', '   1.41', '   1.13', '   0.74', '  9.69', ' 146'
2003, 'NID', 'CHINA LAKE ARMITAGE', '   0.05', '   0.20', '   0.84', '   0.02', '   1.78', '   0.11', '   0.10', '   0.07', '   0.00', '   0.58', '   0.04', '   0.02', '  3.81', ' 103'
2003, 'NLDC1', 'NILAND', '   0.00', '   0.00', '   0.00', '   0.00', '   1.06', '   0.25', '   0.00', '   0.00', '   0.00', '   0.07', '   0.13', '   0.30', '  1.81', '  56'
2003, 'PMDC1', 'PALMDALE', '   0.00', '   0.39', '   1.54', '   0.00', '   3.79', '   2.03', '   0.77', '   0.41', '   0.00', '   0.09', '   0.00', '   0.01', '  9.03', ' 123'
2003, 'PSP', 'PALM SPRINGS', '   0.00', '   0.14', '   0.68', '   0.54', '   1.41', '   1.03', '   0.00', '   0.00', '   0.00', '   0.17', '   0.41', '   0.00', '  4.38', '  84'
2003, 'RANC1', 'KERN COUNTY FD', '   0.11', '   0.95', '   1.99', '   0.10', '   2.59', '   0.39', '   0.66', '   0.30', '   0.00', '   0.12', '   0.02', '   0.50', '  7.73', ' 113'
2003, 'SOUC1', 'SOUTH LAKE', '   0.20', 'M', '   5.09', '   0.32', '   1.96', '   1.78', '   1.57', '   1.61', '   0.07', '   1.45', '   0.81', '   0.50', 'M'
2003, 'TYEC1', 'TWENTYNINE PALMS', '   0.00', '   0.30', '   0.00', '   0.18', '   0.93', '   0.24', '   0.00', '   0.00', '   0.00', '   0.09', '   3.66', '   0.50', '  5.90', ' 129'
2003, 'HUMBOLDT'
2003, 'ID', 'Location', 'OCT', 'NOV', 'DEC', 'JAN', 'FEB', 'MAR', 'APR', 'MAY', 'JUN', 'JUL', 'AUG', 'SEP', 'WY Tota', 'Pct Avg to Date'
2003, 'B23', 'BATTLE MOUNTAIN', '   0.04', '   1.20', '   0.40', '   0.66', '   0.33', '   0.72', '   2.19', '   0.92', '   0.00', '   0.92', '   0.31', '   0.17', '  7.86', '  90'
2003, 'BOWN2', 'BEOWAWE', '   0.00', '   0.83', '   0.39', '   0.53', '   0.48', '   0.51', '   2.39', '   1.18', '   0.00', '   1.08', '   0.48', '   0.28', '  8.15', '  92'
2003, 'DTHN2', 'DEETH', '   0.20', '   1.36', '   0.91', '   1.03', '   1.34', '   0.70', '   3.40', '   1.21', '   0.10', '   0.69', '   1.82', '   0.72', ' 13.48', ' 108'
2003, 'EKO', 'ELKO', '   0.08', '   1.21', '   0.55', '   0.95', '   0.55', '   0.48', '   1.66', '   1.68', '   0.01', '   0.92', '   1.70', '   0.20', '  9.99', ' 105'
2003, 'GIBN2', 'GIBBS RANCH', '   0.34', '   0.98', '   0.77', '   0.35', '   0.25', '   0.88', '   2.28', '   1.23', '   0.13', '   0.24', '   2.84', '   0.17', ' 10.46', '  97'
2003, 'GOLN2', 'GOLCONDA', '   0.13', '   1.02', '   0.22', '   0.86', '   0.20', '   0.71', '   0.74', '   0.62', '   0.11', '   0.61', '   0.84', '   0.39', '  6.45', '  84'
2003, 'IMLN2', 'IMLAY', '   0.19', '   0.74', '   0.36', '   0.93', '   0.28', '   0.33', '   1.25', '   1.56', '   0.25', '   0.37', '   0.18', '   0.43', '  6.87', '  83'
2003, 'JIGN2', 'JIGGS 8SSE', '   0.22', '   0.92', '   0.74', '   1.32', '   0.92', '   0.89', '   3.45', '   1.41', '   0.00', '   0.00', '   1.52', '   0.60', ' 11.99', '  90'
2003, 'LAMN2', 'LAMOILLE YOST', '   0.16', '   1.18', '   0.21', 'M', '   0.69', '   0.84', '   3.57', '   1.88', '   0.05', '   0.39', '   2.42', '   0.10', 'M'
2003, 'LOVN2', 'LOVELOCK', '   0.03', '   0.73', '   0.22', '   0.75', '   0.35', '   0.26', '   1.17', '   0.64', '   0.18', '   0.32', '   0.72', '   0.02', '  5.39', '  91'
2003, 'PIVN2', 'PINE VALLEY', '   0.00', '   0.89', '   0.43', '   0.64', '   0.33', '   0.73', '   1.74', '   1.26', '   0.00', '   0.68', '   2.20', '   0.64', '  9.54', '  93'
2003, 'PRDN2', 'PARADISE VALLEY', '   0.00', '   1.12', '   1.97', '   0.64', '   0.29', '   1.02', '   0.85', '   1.07', '   0.28', '   0.06', '   0.51', '   0.14', '  7.95', '  73'
2003, 'RRRN2', "REESE RIVER O'TOOLE", '   0.69', '   0.88', '   0.53', '   0.14', '   1.08', '   0.61', '   2.03', '   0.38', '   0.28', '   0.45', '   1.72', '   0.28', '  9.07', ' 115'
2003, 'RYPN2', 'RYE PATCH DAM', '   0.05', '   0.75', '   0.85', '   0.85', '   0.30', '   0.14', '   1.25', '   1.77', '   0.12', '   0.75', '   0.72', '   0.00', '  7.55', '  86'
2003, 'SFKN2', 'SOUTH FORK SP', '   0.02', '   0.86', '   0.29', '   0.73', '   0.32', 'M', '   1.60', '   1.29', '   0.00', '   0.05', '   1.53', '   0.02', 'M'
2003, 'U31', 'AUSTIN', '   0.03', '   0.59', '   0.73', '   0.52', '   1.01', '   0.80', '   3.20', '   1.05', '   0.12', '   0.89', '   1.51', '   0.25', ' 10.70', '  75'
2003, 'WELN2', 'WELLS', '   0.21', '   1.10', '   0.61', '   0.42', '   0.53', '   1.33', '   1.51', '   1.24', '   0.03', '   0.34', '   1.90', '   0.29', '  9.51', '  93'
2003, 'WMC', 'WINNEMUCCA', '   0.13', '   1.28', '   0.39', '   1.28', '   0.39', '   0.63', '   1.03', '   1.72', '   0.01', '   0.19', '   0.09', '   0.38', '  7.52', '  90'
2003, 'BLACK ROCK DESERT'
2003, 'ID', 'Location', 'OCT', 'NOV', 'DEC', 'JAN', 'FEB', 'MAR', 'APR', 'MAY', 'JUN', 'JUL', 'AUG', 'SEP', 'WY Tota', 'Pct Avg to Date'
2003, 'DUFN2', 'DUFURRENA (SHELDON)', '   0.14', '   0.25', '   0.20', '   0.23', '   0.35', '   0.14', '   0.34', '   0.73', '   0.26', '   0.39', '   1.10', '   0.49', '  4.62', '  60'
2003, 'KRVN2', 'KINGS RIVER VALLEY', '   0.28', '   1.28', '   0.54', '   0.63', '   0.24', '   0.60', '   1.03', '   0.81', '   0.00', '   0.95', '   0.47', '   0.00', '  6.83', '  79'
2003, 'LCRN2', 'LEONARD CREEK RANCH', '   0.16', '   1.03', '   0.87', '   0.45', '   0.29', '   0.33', '   1.38', '   0.85', '   0.00', '   0.04', '   1.80', '   0.22', '  7.42', '  78'
2003, 'MCDN2', 'MCDERMITT', '   0.20', '   0.32', '   0.26', '   0.54', '   0.28', '   0.37', '   1.17', '   1.70', '   0.04', '   0.77', '   0.53', '   0.23', '  6.41', '  70'
2003, 'ORVN2', 'OROVADA 4WSW', '   0.17', '   1.11', '   0.50', '   0.82', '   0.43', '   0.75', '   1.45', '   2.29', '   0.00', '   0.25', '   0.69', '   0.33', '  8.79', '  83'
2003, 'CENTRAL NEVADA DESERT'
2003, 'ID', 'Location', 'OCT', 'NOV', 'DEC', 'JAN', 'FEB', 'MAR', 'APR', 'MAY', 'JUN', 'JUL', 'AUG', 'SEP', 'WY Tota', 'Pct Avg to Date'
2003, 'ARTN2', 'ARTHUR 4NW', '   0.40', '   2.29', '   0.64', '   0.81', '   0.71', '   0.87', '   2.35', '   0.93', '   0.21', '   0.07', '   1.31', '   0.51', ' 11.10', '  75'
2003, 'BDRN2', 'BOULDER CITY', '   0.14', '   0.00', '   0.02', '   0.08', '   1.81', 'M', '   0.80', '   0.00', 'M', 'M', 'M', '   0.06', 'M'
2003, 'BLEN2', 'BLUE EAGLE RANCH', '   0.82', '   0.33', '   0.10', '   0.23', '   0.71', '   0.46', '   1.45', '   0.91', '   0.02', '   0.47', '   2.12', '   0.21', '  7.83', '  89'
2003, 'CLVN2', 'CLOVER VALLEY', '   0.35', '   2.01', '   0.78', '   1.36', '   0.54', '   1.42', '   1.61', '   1.61', '   1.27', '   0.00', '   0.93', '   0.66', ' 12.54', '  88'
2003, 'DNDN2', 'DIAMOND VALLEY', '   0.00', '   1.14', '   0.39', '   0.39', '   0.27', '   0.57', '   1.39', '   0.93', '   0.16', '   0.18', '   0.86', '   0.24', '  6.52', '  71'
2003, 'DYRN2', 'DYER', '   0.02', '   0.83', '   0.39', '   0.00', '   1.97', '   0.12', '   0.57', '   0.42', '   0.00', '   0.22', '   0.67', '   0.19', '  5.40', ' 105'
2003, 'EKAN2', 'EUREKA', '   0.30', '   0.84', '   0.40', '   0.34', '   0.70', '   0.82', '   2.69', '   1.31', '   0.00', '   0.00', '   2.96', '   0.50', ' 10.86', '  90'
2003, 'ELY', 'ELY', '   0.91', '   0.66', '   0.14', '   0.22', '   0.47', '   0.41', '   1.70', '   1.80', '   0.10', '   0.49', '   1.19', '   0.17', '  8.26', '  83'
2003, 'GDFN2', 'GOLDFIELD', '   0.02', '   0.71', '   0.23', '   0.01', '   1.33', '   0.66', '   0.85', '   0.24', '   0.00', '   0.00', '   0.73', '   0.09', '  4.87', '  72'
2003, 'LAGN2', 'LAGES', '   0.65', '   0.70', '   0.12', '   0.13', '   0.54', '   0.78', '   2.76', '   0.66', '   0.15', '   0.73', '   0.70', '   0.16', '  8.08', ' 102'
2003, 'MCGN2', 'MCGILL', '   1.32', '   0.48', '   0.29', '   0.30', '   0.84', '   0.57', '   2.09', '   1.58', '   0.04', '   0.13', '   0.46', '   0.08', '  8.18', '  93'
2003, 'MIDN2', 'MIDDLEGATE', '   0.07', '   0.27', '   0.25', '   0.45', '   0.54', '   0.43', '   2.07', '   0.63', '   0.18', '   0.34', '   0.70', '   0.18', '  6.11', ' 119'
2003, 'MNAN2', 'MINA', '   0.00', '   0.59', '   0.37', '   0.03', '   0.64', '   0.43', '   1.98', '   0.86', '   0.00', '   0.43', '   0.66', '   0.09', '  6.08', ' 100'
2003, 'OASN2', 'OASIS', '   0.41', '   0.89', '   0.14', '   0.26', '   0.35', '   0.50', '   1.15', '   1.12', '   0.59', '   0.15', '   1.94', '   0.10', '  7.60', '  94'
2003, 'PAHN2', 'PAHRUMP', '   0.22', '   0.01', '   0.34', '   0.01', '   2.20', '   0.60', '   1.42', '   0.06', '   0.00', '   0.50', '   0.95', '   0.50', '  6.81', ' 131'
2003, 'RBLN2', 'RUBY LAKE', '   0.36', '   2.30', '   0.59', '   1.55', '   1.48', '   1.26', '   1.39', '   0.65', '   0.29', '   0.34', '   1.00', '   1.33', ' 12.54', '  92'
2003, 'RTHN2', 'RUTH', '   1.43', '   1.20', '   1.47', '   0.06', '   0.50', '   0.72', '   3.15', '   0.55', '   0.10', '   0.75', '   0.74', '   0.40', ' 11.07', '  89'
2003, 'SKVN2', 'SMOKEY VALLEY', '   0.13', '   1.24', '   0.41', '   0.18', '   0.79', '   0.14', '   0.21', '   0.16', '   0.02', '   0.18', '   1.11', '   0.28', '  4.85', '  67'
2003, 'SLVN2', 'SILVERPEAK', '   0.00', '   0.65', '   0.00', '   0.00', '   0.83', '   0.00', '   0.30', '   0.24', '   0.06', '   0.18', '   0.85', '   0.14', '  3.25', '  69'
2003, 'SSHN2', 'SHOSHONE', '   0.51', '   0.59', '   0.22', '   0.39', '   0.89', '   0.76', '   1.06', '   1.77', '   0.05', '   0.84', '   0.86', '   0.33', '  8.27', '  94'
2003, 'TPH', 'TONOPAH', '   0.00', '   0.30', '   0.00', '   0.00', '   0.00', '   0.46', '   0.16', '   0.63', '   0.02', '   0.95', '   1.03', '   0.84', '  4.39', '  75'
2003, 'TWSN2', 'TWIN SPRING - FALLINI', '   0.15', '   0.08', '   0.00', '   0.04', '   1.09', '   0.31', '   0.96', '   0.46', '   0.00', '   0.08', '   1.87', '   0.14', '  5.18', '  98'
2003, 'SNAKE AND COLUMBIA'
2003, 'ID', 'Location', 'OCT', 'NOV', 'DEC', 'JAN', 'FEB', 'MAR', 'APR', 'MAY', 'JUN', 'JUL', 'AUG', 'SEP', 'WY Tota', 'Pct Avg to Date'
2003, 'AWH', 'WILDHORSE RESERVOIR', '   0.39', '   1.24', '   1.83', '   0.55', '   0.83', '   1.50', '   2.87', '   1.17', '   0.06', '   0.90', '   1.03', '   0.29', ' 12.66', '  96'
2003, 'JPTN2', 'JACKPOT', '   0.53', '   0.23', '   0.00', '   0.09', '   0.14', '   0.69', '   1.97', '   1.97', '   0.47', '   1.00', '   1.27', '   0.07', '  8.43', '  83'
2003, 'MCDO3', 'MCDERMITT', '   0.05', '   0.52', '   0.43', '   0.79', '   0.28', '   0.38', '   1.07', '   1.80', '   0.30', '   1.12', '   0.43', '   0.15', '  7.32', '  77'
2003, 'MTNN2', 'MOUNTAIN CITY', '   0.20', 'M', 'M', 'M', 'M', 'M', '   2.60', '   0.89', '   0.17', '   0.65', 'M', '   0.28', 'M'
2003, 'OLEO3', 'ODELL LAKE', '   0.45', '   2.14', '   7.18', '   3.45', '   1.46', '   3.58', '   2.17', '   0.77', '   0.18', '   0.00', '   0.36', '   1.59', ' 23.33', '  71'
2003, 'SILI1', 'SILVER CITY', '   0.39', '   1.24', '   4.13', '   2.42', '   1.44', '   2.46', '   3.74', '   1.90', '   0.42', '   0.45', '   0.75', '   0.16', ' 19.50', '  82'
2003, 'TUSN2', 'TUSCARORA', '   0.25', '   1.18', '   1.00', '   0.74', '   0.47', '   1.13', '   3.06', '   1.17', '   0.04', '   0.20', '   1.90', '   0.55', ' 11.69', '  98'
2003, 'LOWER COLORADO'
2003, 'ID', 'Location', 'OCT', 'NOV', 'DEC', 'JAN', 'FEB', 'MAR', 'APR', 'MAY', 'JUN', 'JUL', 'AUG', 'SEP', 'WY Tota', 'Pct Avg to Date'
2003, 'BLH', 'BLYTHE', '   0.04', '   0.03', '   0.00', '   0.13', '   1.10', '   0.28', '   0.08', '   0.00', '   0.00', '   0.06', '   0.00', '   0.07', '  1.79', '  45'
2003, 'BULA3', 'BULLHEAD CITY', '   0.20', '   0.34', '   0.00', '   0.09', '   2.56', '   0.95', '   0.00', '   0.00', 'M', '   0.00', '   1.25', '   0.04', 'M'
2003, 'CALN2', 'CALIENTE', '   0.49', '   0.20', '   0.15', '   0.13', '   0.98', '   0.66', '   0.98', '   0.48', '   0.02', '   0.25', '   1.86', '   0.50', '  6.70', '  68'
2003, 'DNWN2', 'DESERT NTL WILDLIFE REF', '   0.12', '   0.04', '   0.30', '   0.03', '   1.30', '   0.32', '   0.77', '   0.00', '   0.00', '   0.30', '   0.04', '   0.00', '  3.22', '  67'
2003, 'EED', 'NEEDLES', '   0.25', '   0.48', '   0.00', '   0.30', '   1.97', '   0.81', '   0.17', '   0.01', '   0.00', '   0.03', '   0.58', '   0.42', '  5.02', '  98'
2003, 'EGNN2', 'ELGIN', '   0.82', '   0.43', '   0.19', '   0.67', '   1.99', '   0.82', '   1.22', '   0.30', '   0.00', '   0.31', '   1.30', '   0.47', '  8.52', '  78'
2003, 'GUNU1', 'GUNLOCK PH', '   1.03', '   0.72', '   0.42', '   0.28', '   3.00', '   1.81', '   0.41', '   0.17', '   0.00', '   0.04', '   0.58', '   0.44', '  8.90', '  65'
2003, 'HIKN2', 'HIKO', '   0.54', '   0.07', '   0.38', '   0.24', '   1.06', '   0.20', '   0.88', '   0.05', '   0.00', '   0.00', '   0.97', '   0.16', '  4.55', '  79'
2003, 'LAUN2', 'LAUGHLIN', '   0.06', '   0.55', '   0.00', '   0.08', '   3.32', '   0.30', '   0.50', '   0.00', '   0.00', '   0.00', '   0.46', '   0.00', '  5.27', ' 125'
2003, 'LAVU1', 'LA VERKIN', '   0.95', '   0.72', '   0.83', '   0.31', '   2.38', '   1.68', '   1.23', '   0.19', '   0.00', '   0.36', '   1.23', '   0.81', ' 10.69', '  89'
2003, 'LHCA3', 'LAKE HAVASU CITY', '   0.03', '   0.48', '   0.08', '   0.39', '   2.57', '   1.24', '   0.09', '   0.00', '   0.00', '   0.27', '   0.28', '   1.05', '  6.48', 'NA'
2003, 'LUNN2', 'LUND', '   1.50', '   0.89', '   0.24', '   0.15', '   1.22', '   0.55', '   2.26', '   1.13', '   0.16', '   0.12', '   1.05', '   0.34', '  9.61', '  88'
2003, 'PION2', 'PIOCHE', '   0.78', '   0.58', '   0.55', '   0.46', '   1.96', '   1.12', '   0.27', '   0.92', '   0.17', '   0.30', '   1.98', '   1.52', ' 10.61', '  77'
2003, 'PWMN2', 'PAHRANAGAT WILDLIFE REF', '   0.19', '   0.30', 'M', '   0.08', '   1.49', '   0.51', '   0.73', '   0.03', '   0.00', '   0.02', '   0.71', '   0.12', 'M'
2003, 'SGUU1', 'ST. GEORGE', '   0.29', '   1.17', '   0.45', '   0.10', '   2.09', '   0.98', '   0.50', '   0.03', '   0.00', '   0.17', '   1.18', '   0.25', '  7.21', '  82'
2003, 'SPVN2', 'SPRING VALLEY STATE PA', '   0.84', '   0.78', '   0.91', '   0.38', '   1.82', '   0.76', '   0.98', '   1.06', '   0.06', '   0.58', '   2.09', '   0.60', ' 10.86', '  89'
2003, 'SRCN2', 'SEARCHLIGHT', '   1.30', '   0.30', '   0.05', '   0.22', '   1.98', '   1.61', '   0.61', '   0.02', '   0.01', '   0.42', '   1.14', '   0.00', '  7.66', '  92'
2003, 'SUNN2', 'SUNNYSIDE', '   1.28', '   0.30', '   0.28', '   0.85', '   1.02', '   0.43', '   0.75', '   0.66', '   0.36', '   0.09', '   0.40', '   0.22', '  6.64', '  64'
2003, 'VEF', 'LAS VEGAS', '   0.32', '   0.11', '   0.05', '   0.05', '   2.21', '   0.34', '   0.38', '   0.00', '   0.00', '   0.66', '   0.30', '   0.36', '  4.78', ' 104'
2003, 'VEYU1', 'VEYO POWER HOUSE', '   0.67', '   1.10', '   0.83', '   0.02', '   2.80', '   2.01', '   1.59', '   0.30', '   0.00', '   0.12', '   0.66', '   0.21', ' 10.31', '  69'
2003, 'VOFN2', 'VALLEY FO FIRE SP', '   0.39', '   0.22', '   0.17', '   0.04', '   2.60', '   0.79', '   0.35', '   0.00', '   0.00', '   0.02', '   1.04', '   0.00', '  5.62', '  86'
2003, 'WUPA3', 'WIKIEUP', '   0.19', '   0.03', '   0.04', '   0.55', '   3.45', '   0.94', '   0.06', '   0.00', '   0.00', '   0.00', '   0.92', '   1.20', '  7.38', '  75'
2003, 'YUCA3', 'YUCCA 1 NNE', '   0.36', '   0.81', '   0.44', '   0.50', '   3.25', '   1.24', '   0.40', '   0.00', '   0.01', '   0.17', '   1.02', '   0.04', '  8.24', ' 101'
2003, 'YUM', 'YUMA', '   0.00', '   0.00', '   0.03', '   0.03', '   0.24', '   0.24', '   0.00', '   0.00', '   0.00', '   0.02', '   0.28', '   0.00', '  0.84', '  28'
2003, 'GREAT SALT LAKE'
2003, 'ID', 'Location', 'OCT', 'NOV', 'DEC', 'JAN', 'FEB', 'MAR', 'APR', 'MAY', 'JUN', 'JUL', 'AUG', 'SEP', 'WY Tota', 'Pct Avg to Date'
2003, 'ENV', 'WENDOVER', '   0.05', '   0.59', '   0.15', '   0.23', '   0.01', '   0.07', '   0.25', '   0.53', '   0.12', '   0.11', '   0.15', '   0.15', '  2.41', '  50'
2003, 'LENN2', 'GREAT BASIN N P', '   1.27', '   1.33', '   0.56', '   0.14', '   1.76', '   0.49', '   2.41', '   1.05', '   1.19', '   0.62', '   2.05', '   0.72', ' 13.59', ' 100'
2003, 'MNTN2', 'MONTELLO', '   0.19', '   0.54', '   0.09', '   0.35', '   0.22', '   0.33', '   0.75', '   0.83', '   0.42', '   0.22', '   0.66', '   0.04', '  4.64', '  55'
2003, 'ESCALANTE DESERT'
2003, 'ID', 'Location', 'OCT', 'NOV', 'DEC', 'JAN', 'FEB', 'MAR', 'APR', 'MAY', 'JUN', 'JUL', 'AUG', 'SEP', 'WY Tota', 'Pct Avg to Date'
2003, 'CDEU1', 'CEDAR CITY 5E', '   2.20', '   0.11', '   1.02', '   0.17', '   2.01', '   1.66', '   1.70', '   0.90', '   0.00', '   0.69', '   0.43', '   0.30', ' 11.19', '  76'
2003, 'EMRU1', 'ENTERPRISE', '   1.89', '   0.46', '   0.15', '   0.04', '   2.87', '   1.62', '   0.90', 'M', '   0.04', '   0.82', '   1.87', '   0.84', 'M'
2003, 'MLFU1', 'MILFORD', '   1.87', '   0.42', '   0.25', '   0.09', '   0.98', '   1.21', '   1.05', '   0.50', '   0.23', '   0.09', '   0.17', '   0.11', '  6.97', '  68'
2003, 'MODU1', 'MODENA', '   1.04', '   0.48', '   0.53', '   0.06', 'M', 'M', 'M', '   0.65', '   0.07', '   0.30', '   1.20', '   0.30', 'M'
